PFEI,Agency,"<a href=""https://www.whitehouse.gov/wp-content/uploads/2025/09/pfei_schedule_release_dates_cy2026.pdf"">Planned Release Date</a>"
Construction Put in Place,Census,"<a href=""https://www.census.gov/construction/c30/current/index.html"">June 1</a>"
New Residential Construction,Census,"<a href=""https://www.census.gov/construction/nrc/current/index.html"">June 16</a>"
New Residential Sales,Census,"<a href=""https://www.census.gov/construction/nrs/current/index.html"">June 24</a>"
Monthly Wholesale Trade,Census,"<a href=""https://www.census.gov/econ/indicators/current/index.html"">June 9</a>"
Advance Monthly Sales for Retail and Food Services,Census,"<a href=""https://www.census.gov/econ/indicators/current/index.html"">June 17</a>"
U.S. International Trade in Goods and Service,Census,"<a href=""https://www.census.gov/foreign-trade/current/index.html"">June 9</a>"
U.S. Imports for Consumption of Steel Products,Census,"<a href=""https://www.census.gov/foreign-trade/Press-Release/steel_index.html"">June 24</a>"
Manufacturing and Trade: Inventories and Sales,Census,"<a href=""https://www.census.gov/mtis/current/index.html"">June 17</a>"
"Manufacturers' Shipments, Inventories and Orders",Census,"<a href=""https://www.census.gov/manufacturing/m3/adv/current/index.html"">June 3</a>"
Advance Report on Durable Goods,Census,"<a href=""https://www.census.gov/manufacturing/m3/adv/current/index.html"">June 25</a>"
Quarterly Financial Report – Manufacturing,Census,"<a href=""https://www.census.gov/econ/qfr/mmws/current/index.html"">June 8</a>"
Quarterly Financial Report – Retail Trade,Census,"<a href=""https://www.census.gov/econ/qfr/mmws/current/index.html"">June 8</a>"
Housing Vacancies,Census,"<a href=""https://www.census.gov/housing/hvs/current/index.html"">--</a>"
Quarterly Services,Census,"<a href=""https://www.census.gov/services/current/index.html"">June 11</a>"
The Employment Situation,Bureau of Labor Statistics,"<a href=""https://www.bls.gov/news.release/empsit.nr0.htm"">June 5</a>"
Producer Price Indexes,Bureau of Labor Statistics,"<a href=""https://www.bls.gov/news.release/ppi.nr0.htm"">June 11</a>"
Consumer Price Index,Bureau of Labor Statistics,"<a href=""https://www.bls.gov/news.release/cpi.nr0.htm"">June 10</a>"
Real Earnings,Bureau of Labor Statistics,"<a href=""https://www.bls.gov/news.release/realer.nr0.htm"">June 10</a>"
Productivity and Costs,Bureau of Labor Statistics,"<a href=""https://www.bls.gov/news.release/prod2.nr0.htm"">June 4</a>"
Employment Cost Index,Bureau of Labor Statistics,"<a href=""https://www.bls.gov/news.release/eci.nr0.htm"">--</a>"
U.S. Import and Export Price Indexes,Bureau of Labor Statistics,"<a href=""https://www.bls.gov/news.release/ximpim.nr0.htm"">June 16</a>"
Personal Income and Outlays,Bureau of Economic Analysis,"<a href=""https://www.bea.gov/data/income-saving/personal-income"">June 25</a>"
Gross Domestic Product,Bureau of Economic Analysis,"<a href=""https://www.bea.gov/data/gdp/gross-domestic-product"">June 25</a>"
Corporate Profits,Bureau of Economic Analysis,"<a href=""https://www.bea.gov/data/income-saving/corporate-profits"">June 25</a>"
U.S. International Trade in Goods and Services,Bureau of Economic Analysis,"<a href=""https://www.bea.gov/data/intl-trade-investment/international-trade-goods-and-services"">June 9</a>"
U.S. International Transactions,Bureau of Economic Analysis,"<a href=""https://www.bea.gov/data/intl-trade-investment/international-transactions"">June 24</a>"
Agricultural Prices,National Agricultural Statistics Service,"<a href=""https://esmis.nal.usda.gov/publication/agricultural-prices"">June 29</a>"
Crop Production,National Agricultural Statistics Service,"<a href=""https://esmis.nal.usda.gov/publication/crop-production"">June 11</a>"
Grain Stocks,National Agricultural Statistics Service,"<a href=""https://esmis.nal.usda.gov/publication/grain-stocks"">June 30</a>"
Cattle on Feed,National Agricultural Statistics Service,"<a href=""https://esmis.nal.usda.gov/publication/cattle-feed"">June 18</a>"
Hogs and Pigs,National Agricultural Statistics Service,"<a href=""https://esmis.nal.usda.gov/publication/hogs-and-pigs"">June 25</a>"
Prospective Plantings,National Agricultural Statistics Service,"<a href=""https://esmis.nal.usda.gov/publication/prospective-plantings"">June 30</a>"
Weekly Natural Gas Storage Report,Energy Information Administration,"<a href=""https://ir.eia.gov/secure/ngs/ngs.html?Policy=eyJTdGF0ZW1lbnQiOlt7IlJlc291cmNlIjoiaHR0cHM6Ly9pci5laWEuZ292L3NlY3VyZS9uZ3MvKiIsIkNvbmRpdGlvbiI6eyJEYXRlTGVzc1RoYW4iOnsiQVdTOkVwb2NoVGltZSI6MTc5ODc3OTU0MH0sIkRhdGVHcmVhdGVyVGhhbiI6eyJBV1M6RXBvY2hUaW1lIjoxNzc4MTY0MjAwfX19XX0&Signature=SSC4lk3lw75UoFZtMq071hC7e288urVpqAfY1~-YeAoqdIjmwtjbkV5DYoMw9794RrxMbnLWpfhWfojLrKCCMsbeGAKDDmO3oDmNWDCDiZplZ9WBG~N920jQe5oa-U62~T-PjmdtwG9FAHoL9Un71U7X5MT9X4HEQ1vnpdkUJ0EPMKTSxqSF2fGbJK0fro347--YV8b2B16jGiZZqMg~DvvIv-7VcuUm~-2r83XwhoH3qJ8Ps-YgqSjMH1vZajL03wB6UTiNCOLDWn1HVRyjbV0bxpo06tymsaYuISHzqwT8eORHYVgeY4E1ytoYWMhGVCk2EcgpDq3aYTNMJDSzFw&Key-Pair-Id=K3E4KYWJDKDG7C"">June 4, 11, 18, 25</a>"
Industrial Production and Capacity Utilization,Federal Reserve Board,"<a href=""https://www.federalreserve.gov/releases/g17/current/"">June 15</a>"
Consumer Credit,Federal Reserve Board,"<a href=""https://www.federalreserve.gov/releases/g19/current/"">June 5</a>"
World Agricultural Supply and Demand Estimate,World Agricultural Outlook Board,"<a href=""https://www.usda.gov/about-usda/general-information/staff-offices/office-chief-economist/commodity-markets/wasde-report"">June 11</a>"
World Agricultural Production,Foreign Agricultural Service,"<a href=""https://www.fas.usda.gov/data/search?reports%5B0%5D=report_type%3A13286"">June 11</a>"
